收件人国家,收件人省/州,收件人城市,收件人邮编,地址,手机号,邮箱,是否公寓_原规则,置信度_原规则,匹配关键词_原规则,placekey,placekey_confidence,公寓类型_增强,主地址_增强,placekey_success,access_code,是否公寓_整合,置信度_整合,匹配关键词_整合,处理状态,冲突标记
United States,California,Grand terrace,92324,California~~~San Bernardino~~~Colton~~~2270 Cahuilla St Apt 154,(+1)6304187558,user1@example.com,TRUE,95,apt(Apt),@abc-def-ghi,high,apartment,2270 Cahuilla St,TRUE,154,TRUE,95,apt(Apt),成功处理,FALSE
United States,California,San diego,92115,California~~~San Diego~~~San Diego~~~4340 44th St Apt 529,(+1)6196395707,user2@example.com,TRUE,95,apt(Apt),@xyz-123-456,high,apartment,4340 44th St,TRUE,529,TRUE,95,apt(Apt),成功处理,FALSE
United States,California,Sacramento,95828,California~~~Sacramento~~~Sacramento~~~6100 48th Ave Apt 5208,(+1)9162249125,user3@example.com,TRUE,95,apt(Apt),@def-789-abc,high,apartment,6100 48th Ave,TRUE,5208,TRUE,95,apt(Apt),成功处理,FALSE
United States,California,Oakland,94612,California~~~Alameda~~~Oakland~~~1950 Broadway # 809,(+1)8134994335,user4@example.com,TRUE,60,#number(# 809),@ghi-456-def,medium,unit,1950 Broadway,TRUE,809,TRUE,70,#number(# 809),成功处理,FALSE
United States,California,San lorenzo,94541,California~~~Alameda~~~Hayward~~~659 Paradise Blvd apt B,(+1)5102305289,user5@example.com,TRUE,95,apt(apt),@jkl-012-ghi,high,apartment,659 Paradise Blvd,TRUE,B,TRUE,95,apt(apt),成功处理,FALSE
United States,California,Los Angeles,90210,California~~~Los Angeles~~~Los Angeles~~~123 Main Street,(+1)2135551234,user6@example.com,FALSE,0,,@mno-345-jkl,low,house,123 Main Street,TRUE,,FALSE,0,,成功处理,FALSE
United States,New York,New York,10001,New York~~~New York~~~New York~~~789 Broadway Unit 12A,(+1)2125551234,user7@example.com,TRUE,95,unit(Unit),@pqr-678-mno,high,unit,789 Broadway,TRUE,12A,TRUE,95,unit(Unit),成功处理,FALSE
United States,Texas,Houston,77001,Texas~~~Harris~~~Houston~~~321 Main St Suite 500,(+1)7135551234,user8@example.com,TRUE,95,suite(Suite),@stu-901-pqr,high,suite,321 Main St,TRUE,500,TRUE,95,suite(Suite),成功处理,FALSE
United States,Florida,Miami,33101,Florida~~~Miami-Dade~~~Miami~~~456 Ocean Drive Penthouse 1,(+1)3055551234,user9@example.com,TRUE,80,penthouse(Penthouse),@vwx-234-stu,high,penthouse,456 Ocean Drive,TRUE,1,TRUE,85,penthouse(Penthouse),成功处理,FALSE
United States,Illinois,Chicago,60601,Illinois~~~Cook~~~Chicago~~~789 Michigan Ave Floor 15,(+1)3125551234,user10@example.com,TRUE,70,floor(Floor),@yza-567-vwx,medium,floor,789 Michigan Ave,TRUE,15,TRUE,75,floor(Floor),成功处理,FALSE